Index,coherence,source,lang,FT_CC,FT_Cluster,BERT_CC,BERT_Cluster,Sent_CC,Sent_Cluster
3181,3,CEDCC,zh,0.520457619735976,0.6279196372211467,0.3449658185244974,0.35922473072627514,0.5667614365109628,0.5699752364714002
1326,3,CEDCC,zh,0.5164464900963653,0.3276770078770505,0.34314967218771825,0.3454784204137104,0.5588976201641008,0.437579365079365
268,3,CEDCC,zh,0.5205549172044064,0.6927716297161263,0.34027505177910117,0.3551071122635901,0.550545636219081,0.5525670236196552
3031,2,CEDCC,zh,0.5200681362173986,0.6895796396051759,0.3382830362890133,0.37509306110064533,0.5951065439827463,0.5159774436090224
2302,3,CEDCC,zh,0.5183076241276512,0.6186303409816295,0.34794701540093903,0.34582199532047825,0.5496658407696876,0.4495859213250518
4250,2,CEDCC,zh,0.520028406974087,0.5952786179644869,0.3560391501786461,0.33681605474742754,0.5618048880903208,0.6251380262249828
4258,3,CEDCC,zh,0.5197955509381804,0.59945258221853,0.34428789963332196,0.3577681680690275,0.6363740779579289,0.6789734075448361
3757,3,CEDCC,zh,0.5166732206424216,0.6035428963332599,0.3459530529939075,0.353847092710951,0.6302907822183185,0.608051948051948
980,1,CEDCC,zh,0.49759166405011324,0.11937826927866388,0.34592546251098416,0.3614852026653426,0.4523655707769979,0.4235044088702626
2960,2,CEDCC,zh,0.5190528707753195,0.5585526780856178,0.35899994864693185,0.3400670135222571,0.5307832589822373,0.41247613497613506
2232,1,CEDCC,zh,0.52032564897493,0.5759172274187526,0.33607704868779237,0.37534331904534574,0.6045920967187175,0.6107407407407408
1919,1,CEDCC,zh,0.521302577733178,0.6310710481500773,0.342327800893733,0.3470221622993905,0.5662756816090181,0.37973137973137977
3044,2,CEDCC,zh,0.5102714834986463,0.3479227336754373,0.33522371376807136,0.38930412803596803,0.6314416173167832,0.6022778808493096
536,1,CEDCC,zh,0.5134053107254687,0.3525816954857928,0.35377205391843847,0.35015141944595135,0.5157230811487733,0.43620298082278003
2690,1,CEDCC,zh,0.517031229792243,0.5848174477354403,0.347526467786157,0.3573963211175536,0.5706250192238894,0.5495638200183653
1956,2,CEDCC,zh,0.5187745826844746,0.595708940797519,0.3481156398109712,0.33719375849560773,0.5228502748747705,0.4535012879840466
3470,2,CEDCC,zh,0.5166403914309347,0.36836015300425645,0.3471850196636971,0.32689478432276386,0.6260637510673085,0.5139455782312925
2413,3,CEDCC,zh,0.5203911716706519,0.5483364830940515,0.34251789035790353,0.34724943385223667,0.6656862745098039,0.5727633477633477
4274,3,CEDCC,zh,0.5168587706351985,0.38141943984325194,0.3409052385280501,0.3540133136164583,0.6226156179468367,0.6362616550116549
2700,3,CEDCC,zh,0.3298425974969843,0.4303232510882338,0.3419777097309208,0.372180808811981,0.5759826766228061,0.529854648275701
2790,3,CEDCC,zh,0.5191483314426062,0.6685186791718924,0.3530464097483657,0.3731880261750587,0.5525532393852518,0.4371933621933622
2693,2,CEDCC,zh,0.3685715170429538,0.44620875534500115,0.3418653526396527,0.3745578369272668,0.5592499013111848,0.6115060378218272
2976,1,CEDCC,zh,0.5202870431413262,0.6145677159853036,0.3428175432099241,0.3562781737675437,0.5175253323217566,0.48683579794690907
518,3,CEDCC,zh,0.5151410726906879,0.3368301577917219,0.3466331137361045,0.3523238829204482,0.5329439053395414,0.4380017102239325
2108,1,CEDCC,zh,0.5200630711468424,0.6452306714880867,0.3439278655981119,0.3344010745047775,0.6449681897050318,0.5502442002442003
2036,1,CEDCC,zh,0.5174749109048706,0.3524442972101917,0.35368946298568027,0.33693161452786863,0.5166256597359221,0.44342584581819044
1636,2,CEDCC,zh,0.5193352657148435,0.6178761817195149,0.35660109406657337,0.3275281003346863,0.5384163272398874,0.369699476151089
2739,1,CEDCC,zh,0.5198978297657271,0.6072657619753151,0.3525180795350511,0.35596769747854673,0.5342103962170911,0.5428536207382363
877,3,CEDCC,zh,0.5194187026209963,0.633323928832799,0.34263244806882986,0.3726787332066085,0.5173474140797515,0.3790451378686673
3193,3,CEDCC,zh,0.5212325984794012,0.6199865919133891,0.3389207322644839,0.361179359611147,0.5601696344869126,0.4794486215538846
1805,1,CEDCC,zh,0.5154840333755597,0.3037715250737044,0.3420671598023469,0.36739860467389407,0.6691186116319806,0.623015873015873
114,2,CEDCC,zh,0.5192297751825562,0.6594592327716546,0.33497497073375193,0.37635206746762606,0.6251689711105514,0.5413919413919415
4270,1,CEDCC,zh,0.5092385255822115,0.29669360714002996,0.33901436644404237,0.3937004118303751,0.6181417140364508,0.532962962962963
222,3,CEDCC,zh,0.5161757276866552,0.5763729893807114,0.3511727792463941,0.3334062168167726,0.6163767199273136,0.4732638888888888
656,3,CEDCC,zh,0.5156249244035269,0.43922671123073015,0.35727920427922905,0.3580753432864724,0.4546972841995139,0.3287917905030204
3388,1,CEDCC,zh,0.519750578149668,0.6081623093357396,0.34250983201742013,0.34140852905408875,0.5494910716139083,0.44710772319467973
1827,1,CEDCC,zh,0.5260172826440817,0.4985827762146684,0.34373425540635033,0.35362933684777226,0.5616265473372298,0.3427292404565131
2078,3,CEDCC,zh,0.4724847557890582,0.0,0.3469928151206054,0.35298154387314007,0.6579712856802639,0.5768065268065269
3183,3,CEDCC,zh,0.515258559878575,0.4138577199181576,0.35747499178418385,0.3374111903475417,0.5390379334201774,0.4798293493945668
377,3,CEDCC,zh,0.5048447155514117,0.1913012777330726,0.3569213926256986,0.3447867603898478,0.48809520650282384,0.5065969215969217
2631,1,CEDCC,zh,0.5274658018692044,0.6814276398925888,0.3359672713566057,0.3789772905386157,0.5449277441573279,0.5503037897774741
3121,3,CEDCC,zh,0.5178277621585522,0.4031836538128953,0.34227841150418165,0.37387764360561837,0.6511170341129855,0.6625874125874126
1407,1,CEDCC,zh,0.5194489629217263,0.6221006542558203,0.35184039797400557,0.338738913208064,0.6295145826395826,0.6229301948051947
2919,2,CEDCC,zh,0.5205640214011943,0.5605275840956669,0.3442996199387784,0.3389866260644032,0.6342705433304774,0.5444444444444444
1377,2,CEDCC,zh,0.5189300518514186,0.6394811208181193,0.3453818558751741,0.34268189543706473,0.5497876548828873,0.39639550264550266
2021,1,CEDCC,zh,0.5143621469113487,0.4412118817603416,0.33535433534089243,0.3731662030920586,0.5459250397375381,0.5884825700615174
1103,2,CEDCC,zh,0.5210629681152043,0.6665196894799176,0.3313437078591385,0.35480790813021235,0.6842598577892696,0.7166666666666666
2943,2,CEDCC,zh,0.5184565492721175,0.631317564632513,0.3534797245532704,0.3324741792599525,0.5641075810410766,0.5513641456582633
780,3,CEDCC,zh,0.5189393150473093,0.48241636417866685,0.33804167351472864,0.36366956531569034,0.6326237485378545,0.6116780045351475
2562,3,CEDCC,zh,0.5226365698842261,0.6383189622874696,0.3511544394882752,0.3802128473191765,0.5307761639291632,0.2768104323659879
137,2,CEDCC,zh,0.5122812781493418,0.27503635329505,0.34072689024024144,0.3662982567712156,0.5206810749243385,0.4042867626200961
3284,1,CEDCC,zh,0.509171826404998,0.23563500663743472,0.336902439619724,0.3488132925062454,0.6400774253617063,0.6664335664335664
2085,3,CEDCC,zh,0.5157088947101534,0.34807734166685383,0.33321604084970163,0.3862373084667391,0.5794020356449323,0.5731601731601731
840,3,CEDCC,zh,0.5188030784240816,0.5622997165839682,0.3469687229335187,0.35058445927555776,0.5687167749501716,0.46995670995671013
3200,3,CEDCC,zh,0.5164064791479829,0.5662320075238202,0.3490999477468496,0.36025693561933264,0.5732151548552175,0.5307101402496138
1072,2,CEDCC,zh,0.5185554955935202,0.6351184823850022,0.3476630922841823,0.3607572645052006,0.5203547639465408,0.4364330114330114
2812,2,CEDCC,zh,0.517996464022514,0.4776607199117707,0.34508803830271245,0.37714115557509315,0.5677545568069148,0.5359090909090909
962,3,CEDCC,zh,0.5188776729936959,0.544885324737247,0.35084704034885045,0.3428650965330927,0.5680811170527122,0.503835978835979
2556,1,CEDCC,zh,0.5236451365469413,0.6534199310911704,0.3415293293260378,0.35897365827322925,0.548694785747064,0.4650643338143339
4254,3,CEDCC,zh,0.5135317454089686,0.3851399912305362,0.355910299101145,0.33208144715925464,0.5341118942241687,0.39899750455306016
3291,1,CEDCC,zh,0.3916060814248754,0.34252584726510854,0.36945009657293354,0.29284460252684796,0.7428030303030304,0.8053571428571429
1885,3,CEDCC,zh,0.5198453275902152,0.6676652352945708,0.3466176338932795,0.35746437892629024,0.5264166182610106,0.4106391293891294
2561,2,CEDCC,zh,0.518721933493982,0.5720087978788599,0.3609554125061713,0.32263030966360123,0.6622560446089858,0.5649350649350651
3126,3,CEDCC,zh,0.5144601260241249,0.3852385024896757,0.34559572866938904,0.3441243900412904,0.5640302529474082,0.46395094804185727
3292,3,CEDCC,zh,0.5176583725009289,0.6118009769586015,0.3561873922949966,0.3481119020525309,0.5526790464316906,0.537482083134257
2781,3,CEDCC,zh,0.5145918235945139,0.3908578752963625,0.35167517524045655,0.35413154925686546,0.5654235456878567,0.6116351484772536
362,1,CEDCC,zh,0.5144463444476659,0.37162773854679926,0.3552754565953325,0.33813994014126,0.5251118406760428,0.3751650706196162
1830,1,CEDCC,zh,0.5195343252149879,0.5792398337637344,0.3480728524035802,0.35103574915420094,0.5927161478216182,0.5950980392156863
2888,3,CEDCC,zh,0.5083679086270803,0.29811946701403735,0.34401297153833105,0.34588366405876686,0.5332310419627388,0.39366148255037153
784,1,CEDCC,zh,0.5225956800257946,0.6063694012881042,0.3406564712130828,0.3691395355218732,0.5515663633695196,0.4414236874236874
4186,3,CEDCC,zh,0.5192060971746334,0.5809119034551452,0.34974986579995665,0.3418011057036716,0.582992904394197,0.41963869463869474
1622,1,CEDCC,zh,0.5188067996235517,0.43455980420419127,0.34516415345522783,0.34602098636391115,0.5798298253333223,0.47333333333333333
1691,1,CEDCC,zh,0.516851255144525,0.33833396914551,0.34656424326266994,0.3320006069383415,0.7149402680652681,0.6958333333333333
2897,2,CEDCC,zh,0.5134659789575272,0.44072512407013104,0.34668694175108655,0.35115004191716837,0.5398799315951048,0.4375864739835328
4266,3,CEDCC,zh,0.5178680505787415,0.5496549165038243,0.3483751707566319,0.3528909046533586,0.5041862293289031,0.5309884559884559
275,3,CEDCC,zh,0.5173679657030994,0.6113783919294036,0.35429450528803963,0.35887361086760944,0.592022259294207,0.5215688632355299
1373,2,CEDCC,zh,0.5180383392844776,0.6003925259573356,0.3350363609980393,0.3753721019144873,0.559642412933135,0.5541619199513936
3167,3,CEDCC,zh,0.5204787455612409,0.6220845438969019,0.3515528060199719,0.33336146086306406,0.5795913401747703,0.44724664224664223
1068,3,CEDCC,zh,0.5201819462924475,0.45003403316627394,0.3539137734369547,0.3274346229040445,0.5284246382737864,0.4941468253968253
3230,1,CEDCC,zh,0.3759324278051658,0.40532454882330826,0.3445232462811971,0.3363377927339802,0.6537886658867844,0.6191808191808191
1403,3,CEDCC,zh,0.5193003849061241,0.617693743259929,0.3446009799074696,0.3568615020648112,0.6475038323427071,0.677793317793318
2828,2,CEDCC,zh,0.29975575247767494,0.5570428100359495,0.33737431183704464,0.38538043389673093,0.6181616796496856,0.573051948051948
1808,3,CEDCC,zh,0.5206485733704389,0.6518154790041516,0.3466634496221424,0.36683500934804303,0.5483903171433385,0.5025980685980687
2808,2,CEDCC,zh,0.5210185875230307,0.6500341352245873,0.35251527732632915,0.3360345999227475,0.6211253367263596,0.5956043956043957
314,2,CEDCC,zh,0.5152791511142688,0.44221570621319417,0.34738289124748495,0.3464075059520291,0.5553510522485839,0.5624004783095692
1791,1,CEDCC,zh,0.510595848897748,0.20504263062628605,0.3426100818093851,0.3383800455751331,0.5599315466832144,0.4744366744366744
2780,2,CEDCC,zh,0.514672459084915,0.1908272106208659,0.35144820864249343,0.3540759789657938,0.5382420063771297,0.5626195749190401
3235,2,CEDCC,zh,0.5165084223877601,0.44235464496849985,0.353948726943131,0.3422867332326854,0.4961163318600624,0.6187558473272757
4275,1,CEDCC,zh,0.5179786681546131,0.6097559214305729,0.3528397552356354,0.31597806735871553,0.8015873015873015,0.7111111111111111
2864,3,CEDCC,zh,0.5196625616460018,0.7383129625649536,0.3419124577098866,0.3773563326411702,0.538585849628981,0.6242424242424242
2626,1,CEDCC,zh,0.5210598469162064,0.7346892175990751,0.3541252325012335,0.32936221135348814,0.6278466855529719,0.5675824175824176
918,3,CEDCC,zh,0.5310550984165584,0.5915061911475803,0.33655353343250394,0.3669198442790992,0.585975024251971,0.5865652865652866
2369,2,CEDCC,zh,0.5203158058184721,0.6343925162308801,0.35161700790045064,0.33611372095613806,0.5818620122576492,0.516110686698922
2698,3,CEDCC,zh,0.5280576603752838,0.5582228607190404,0.32897168295929863,0.379701890813279,0.6126818913775435,0.6714285714285714
2306,2,CEDCC,zh,0.5198480885078663,0.5047066013471398,0.3346775909565607,0.38586960312428725,0.5695839909229343,0.5889979464979465
2581,3,CEDCC,zh,0.5187063255218418,0.4501632215342602,0.34009168386973937,0.352587622806388,0.5603922237946195,0.4801923076923077
683,2,CEDCC,zh,0.4865371983206368,0.07195892499319027,0.3492864817642124,0.35700717179704944,0.48657216265982745,0.42375124875124887
1860,1,CEDCC,zh,0.5152423710024244,0.42005375391209004,0.3518250396782761,0.34446763378735373,0.6224723579883379,0.5171201814058958
3276,1,CEDCC,zh,0.5167200510440331,0.3406324678239051,0.31900246711891245,0.40616095780232875,0.5382424676505899,0.5830532212885154
2612,1,CEDCC,zh,0.5172152228219924,0.5829188772995039,0.3590809691549869,0.3284540670172083,0.6974775224775225,0.6209523809523809
4232,3,CEDCC,zh,0.5183285395479218,0.6245131360539732,0.34141805675996656,0.36729519873535366,0.5329447486286489,0.3437466379774072
3214,2,CEDCC,zh,0.5155515530462642,0.36567495791223337,0.3379621829197862,0.3423335334238989,0.6838511488511488,0.6038095238095238
4466,1,CEDCC,zh,0.5085818575171832,0.24141165899983824,0.33789392560344245,0.36723037262683217,0.5194352548712584,0.394621410335696
1388,3,CEDCC,zh,0.5169383050605841,0.6516521501992926,0.35873901567618316,0.33061102959459754,0.5294826868255565,0.38184539474862045
3164,3,CEDCC,zh,0.37204570846710994,0.47060105720181755,0.34542791304303067,0.36639500782821105,0.5197443803962207,0.46092241092241093
406,2,CEDCC,zh,0.5179893326007725,0.608319118979154,0.3528240572302727,0.3408227010551473,0.523842778775842,0.39058956916099774
2933,1,CEDCC,zh,0.519187947021072,0.48102338871261724,0.3456547117623608,0.35359283038292977,0.5261356955299364,0.3660197645491763
1649,2,CEDCC,zh,0.516883039634903,0.40354157921049666,0.34270326779524274,0.35633815672664493,0.7195545195545195,0.621957671957672
1886,2,CEDCC,zh,0.4950648629484495,0.06257159074716283,0.3478479939422493,0.3445460862034744,0.534140310204044,0.40884434279171117
2111,1,CEDCC,zh,0.5147340664577403,0.40492165659803786,0.3543288774980236,0.358931589348271,0.6057854223696673,0.559944684944685
2226,1,CEDCC,zh,0.5210631832142559,0.6435360536922515,0.3467009872590384,0.3518012643546503,0.6469707648016472,0.5734126984126985
2016,2,CEDCC,zh,0.5188982375880337,0.6527257966241223,0.3673434768849761,0.3253922627739719,0.5764200925191638,0.5066893424036282
3337,1,CEDCC,zh,0.5193451697915275,0.6335198755044207,0.3383861101625226,0.3679195197696934,0.5449532078538952,0.4839380196523054
2401,2,CEDCC,zh,0.5196665806881151,0.6661212285190781,0.3599868121197223,0.33550811383187445,0.5430602453157836,0.44175293305728086
3257,1,CEDCC,zh,0.5188758194272387,0.5914876273103217,0.3517363106801712,0.3484475279378091,0.5631246475954834,0.5209035913581368
3163,2,CEDCC,zh,0.3857520804046351,0.42013235864971654,0.34398191656746424,0.34917187970708974,0.6344154091522513,0.767948717948718
657,2,CEDCC,zh,0.5178386507974101,0.6063585113559488,0.34738913561433,0.35949199334381926,0.6290816990625174,0.5811011904761905
1478,2,CEDCC,zh,0.5276052735165314,0.490936746987019,0.3454700097101961,0.3278892431328364,0.6608285505344329,0.42424242424242425
2849,2,CEDCC,zh,0.5231505577734431,0.6087430413442358,0.3325147684602479,0.368665732331716,0.5562659935456418,0.5320483749055178
3347,2,CEDCC,zh,0.35444912439797954,0.4921766703640158,0.3370614339819246,0.3798044397048123,0.6155329307496908,0.5948677248677249
3056,3,CEDCC,zh,0.5172393891725443,0.5694331451656287,0.3422216490766393,0.36401511194223407,0.5895667693741711,0.4180672268907562
2906,1,CEDCC,zh,0.513446170262698,0.35512722799210944,0.3641654686876119,0.3223898331433128,0.6295519396062874,0.5465322871572871
331,1,CEDCC,zh,0.5201326643009928,0.4850212546326846,0.3404330033880524,0.3603493652917297,0.5569356595222527,0.5567460317460318
207,3,CEDCC,zh,0.5186708957321825,0.49022002673518034,0.34120530348349115,0.3438332091819002,0.5673811662983864,0.40428571428571425
3187,3,CEDCC,zh,0.5074876126287508,0.25170110572619586,0.3549468084645412,0.3453221175418142,0.5360451396281171,0.4187069203198236
2915,1,CEDCC,zh,0.5199328430848222,0.6585844159141706,0.35864103300386585,0.33364006279289654,0.5623160853038913,0.588304120122302
2824,1,CEDCC,zh,0.5147339265530244,0.3581221036180646,0.35465846013523866,0.33203092093313424,0.5873128603722816,0.4652116402116402
1665,1,CEDCC,zh,0.5188503151926198,0.5987955812402161,0.3571624607962501,0.3416182362693847,0.5982821524630684,0.5561911944264885
1947,2,CEDCC,zh,0.5196410590882986,0.6296114366492517,0.3255795588690685,0.3788559958397453,0.6378176743165302,0.6500000000000001
1944,1,CEDCC,zh,0.4929460360025154,0.03883582617192079,0.3794295011076231,0.31259379798300396,0.45637251821987007,0.3221640752409984
2677,1,CEDCC,zh,0.519551376267184,0.6503059916022638,0.34978621185169867,0.3487456836559558,0.510962600748619,0.45261951852860954
3984,2,CEDCC,zh,0.5194685716283486,0.7003670752619754,0.3453613870825695,0.37409162031077575,0.5182333285696129,0.4621814693243264
2869,3,CEDCC,zh,0.5181719511734649,0.580336961593785,0.36208887045437305,0.3306483249315214,0.5788010087473094,0.5212398712398711
3110,3,CEDCC,zh,0.5187782567086023,0.5703991274216191,0.35447937018537434,0.3394988099577679,0.5269278136023686,0.4344615701758558
3067,3,CEDCC,zh,0.5205724331486876,0.6536218140193747,0.34347850591419965,0.35695266513407053,0.608056504078658,0.6028379772961818
3210,3,CEDCC,zh,0.520291935824755,0.6113003733833032,0.35368775451984286,0.35023873952003926,0.5882646049225746,0.5393067226890758
2910,3,CEDCC,zh,0.5131909785153057,0.34011083156467625,0.3486833302320067,0.336839534446148,0.630596728151076,0.5071428571428572
2853,1,CEDCC,zh,0.5186939105498944,0.5855701002026321,0.3512847344923488,0.35454192448844524,0.5784901124171739,0.5430270752639174
3046,3,CEDCC,zh,0.46353574595248515,0.0,0.338556271236364,0.3804889599011493,0.5909058824507417,0.6205747955747954
2166,1,CEDCC,zh,0.5157645872780406,0.4813291192533962,0.3713083284993099,0.33062453584995405,0.5137202104241609,0.3974976412476414
2792,2,CEDCC,zh,0.46718450088799335,0.0,0.36132306474765946,0.32884181685312786,0.49555401316098063,0.42031564531564536
4252,3,CEDCC,zh,0.5000745179781089,0.20812560999287286,0.34700693497592244,0.37590368007303493,0.5131995883432391,0.5100212544656989
2248,1,CEDCC,zh,0.49901083912215,0.14523073626745014,0.34689628885010715,0.34272442791760993,0.5656657621777516,0.44899498649498665
2135,3,CEDCC,zh,0.5219375326692338,0.6283350710320305,0.34644291208674377,0.35889312171904447,0.566347361697751,0.5475256769374417
662,3,CEDCC,zh,0.5189442329520902,0.5977512652315543,0.3616198127676614,0.33820113753179376,0.5329906998494539,0.3836282764854195
4246,3,CEDCC,zh,0.520493444777565,0.6831209248098509,0.35588030551943434,0.346188556141418,0.5664159679695187,0.545255538112681
2909,1,CEDCC,zh,0.4514059848612548,0.034683528710921036,0.35080740877722494,0.349187106733248,0.5658684141069462,0.42986258186258197
3117,2,CEDCC,zh,0.5206137971910343,0.5549408628172742,0.34288998008177013,0.3528017056259643,0.6034150347773537,0.5784126984126984
3159,3,CEDCC,zh,0.5203671552586444,0.5798259737665844,0.34375135652769195,0.36140878846451185,0.5836419342146385,0.5919540336207003
727,2,CEDCC,zh,0.5007014103787893,0.08507329501876758,0.3426785655872586,0.3777132258368412,0.572052551842695,0.42174242424242425
3633,1,CEDCC,zh,0.5205165210451144,0.6068945851667372,0.342671938510741,0.33952386739862606,0.7710884353741496,0.8095238095238094
3256,3,CEDCC,zh,0.385740979141056,0.35596638863035884,0.338773432236068,0.36495757657410455,0.5381503905377495,0.6288749444999445
2141,3,CEDCC,zh,0.5205377070002473,0.6270798645157293,0.34006212267973956,0.35428941164568906,0.6782400605930017,0.7291486291486291
2072,1,CEDCC,zh,0.5202919521864743,0.46381743315697516,0.3449866077164425,0.34420848678132304,0.7163256496589829,0.6582010582010581
2877,3,CEDCC,zh,0.5213575563062597,0.7113400409430691,0.32788061356209297,0.3815055446650245,0.5528334097629318,0.5611471861471862
1863,1,CEDCC,zh,0.5191858517228262,0.6124499602079652,0.34434640435430974,0.367669848417695,0.61409744441108,0.6463338744588745
2904,1,CEDCC,zh,0.5168959086479556,0.3857987894664014,0.3398173693619475,0.36719578938178066,0.6233961384883867,0.454586038961039
3120,3,CEDCC,zh,0.5219926342183991,0.6205139185604028,0.3474113943035074,0.36315664525512814,0.627959321380374,0.5258522727272728
2823,3,CEDCC,zh,0.5215208902027592,0.7146465848559016,0.3488843841572917,0.367485712743843,0.5663907369961652,0.3866630591630591
2503,2,CEDCC,zh,0.5170735586980196,0.6249631111935006,0.3490216619207405,0.373643414020785,0.5361521240402443,0.4956866804692893
2139,3,CEDCC,zh,0.5150597630073364,0.3069185648574222,0.3379322213900505,0.3586322826371213,0.5667277523734399,0.4825310245310245
3290,3,CEDCC,zh,0.5132343627530802,0.4977417549877042,0.34356980735556386,0.3672024932791438,0.5684340555527839,0.4866256550467077
3157,1,CEDCC,zh,0.5194026310278559,0.6221989720268617,0.3341104168073582,0.351964353692321,0.5910187401029849,0.47934102934102923
2169,2,CEDCC,zh,0.5108874246873379,0.2753044452689481,0.3410845626553676,0.350402191367889,0.6184231001486437,0.5632440476190477
3011,1,CEDCC,zh,0.5202555950189115,0.6428697031063557,0.3396593668946575,0.38179625385731353,0.5113822179554288,0.44098353753526176
3051,2,CEDCC,zh,0.5141931673576683,0.3507755991123946,0.34594952221443515,0.34608939877822575,0.6524121436938967,0.7181405895691609
848,2,CEDCC,zh,0.38258600078104393,0.367636614358863,0.3430950868488107,0.3542177010475521,0.5640158259752815,0.4858790199699291
2022,2,CEDCC,zh,0.5160552794047591,0.3936176276005364,0.3405710814279098,0.38115869786165896,0.5616816432881842,0.40811845159671256
2345,1,CEDCC,zh,0.5165125164739364,0.42104040007942073,0.349564364646991,0.34551886458998576,0.6610644257703081,0.5084415584415585
2455,1,CEDCC,zh,0.5204794112877735,0.6015159574928524,0.34239482099895213,0.35565789742688403,0.6588008482745324,0.628943278943279
2374,1,CEDCC,zh,0.5201432055341446,0.6601336324045274,0.3469752237504463,0.3712393574269294,0.6358117610602593,0.6081959706959708
3273,1,CEDCC,zh,0.5190033168901107,0.5926296780206209,0.3536366078153767,0.33504666658697946,0.7212121212121212,0.4583333333333333
44,1,CEDCC,zh,0.5246156162041884,0.6025244187835214,0.3458949786533872,0.36344142763286624,0.5773593012006353,0.5179738562091503
2758,1,CEDCC,zh,0.5196022004551284,0.5571762463740234,0.3453471745886054,0.35083675007110143,0.6553824307500778,0.6537037037037038
748,2,CEDCC,zh,0.5170026688353989,0.3698181637313161,0.3479549729266507,0.35625434825558117,0.5298606628707838,0.43617330944917165
2950,2,CEDCC,zh,0.5287555673073088,0.5432241206700726,0.34312389090084816,0.3658177732235791,0.5749299673225945,0.44691876750700277
1819,2,CEDCC,zh,0.5007929688905925,0.10180516880034672,0.35633462947225636,0.32710181073414574,0.5571630201706506,0.4318972033257749
2296,3,CEDCC,zh,0.5174668871239719,0.6173133363058986,0.35112565119210776,0.36212054603418425,0.5586223546930309,0.4301043401043401
1676,1,CEDCC,zh,0.5182153456817622,0.6072492396237689,0.34645264692260297,0.34203065533225624,0.562134660532966,0.4691877011877012
2684,2,CEDCC,zh,0.5210008564856634,0.6371076163994018,0.34347865149930606,0.36353409575245593,0.5790794647020904,0.5166199813258636
1602,2,CEDCC,zh,0.5134794801728939,0.2978865555789027,0.34389217608111255,0.3499454523144128,0.579057687213422,0.5025974025974027
1976,1,CEDCC,zh,0.5192226791009268,0.5669438497952136,0.3507417325232783,0.33786395982803297,0.5526720879594612,0.45309956709956717
3601,2,CEDCC,zh,0.5191854485993862,0.639428042130148,0.35392922964083984,0.3329645881105839,0.6195250825869492,0.6001133786848073
3008,3,CEDCC,zh,0.37195205869786724,0.4702385836344498,0.34408263124334065,0.3481795635484687,0.6046172979095087,0.6806547619047618
3239,3,CEDCC,zh,0.5167999157073165,0.41229334769331677,0.34610896757420967,0.3431960661789227,0.5869854317382404,0.6670995670995671
1523,1,CEDCC,zh,0.5161401620695921,0.5768537926458036,0.35474464266532035,0.3443833160857844,0.5875785397083572,0.601659125188537
2714,1,CEDCC,zh,0.5217395874602503,0.6385087858801036,0.34489142828359076,0.3455003063731947,0.5781672779395739,0.4893557422969187
2462,3,CEDCC,zh,0.5217541201778751,0.7087670282220914,0.3427868806686318,0.35544353125348094,0.6453262647972569,0.7075702075702075
3030,2,CEDCC,zh,0.5178111526790795,0.5882164418864829,0.34418092044933213,0.3685318104879563,0.5756631746732243,0.49323062558356684
1065,3,CEDCC,zh,0.5171222630540621,0.4583065548801421,0.3486179104873089,0.3545847573283856,0.6015302669649605,0.5205908289241622
2855,3,CEDCC,zh,0.512500814814988,0.37945929737541334,0.34219045506979884,0.38056049885739746,0.5761604312378321,0.5632580382580383
2546,3,CEDCC,zh,0.5121505733487679,0.3978331903230521,0.3453433525948025,0.344524782291026,0.5823524165319831,0.5970911441499677
868,1,CEDCC,zh,0.5173559027802304,0.6126122195787119,0.3410364894952623,0.3459595744558871,0.6546028790610834,0.6077922077922078
261,3,CEDCC,zh,0.519407297435725,0.6836339702470329,0.3445093428529169,0.356712957659698,0.6018011752044885,0.6074840192487253
2697,1,CEDCC,zh,0.38697252657886094,0.4117936860087898,0.34339087021725456,0.3304520949529841,0.6066958869626023,0.555952380952381
2636,2,CEDCC,zh,0.5175163176164937,0.6010985925409913,0.36333514831219793,0.346641833883387,0.5479313892843646,0.5008763227513228
3319,1,CEDCC,zh,0.5177228492512391,0.669577530433804,0.3478527008755718,0.3604968517928591,0.5954795394831391,0.6039886039886041
2066,1,CEDCC,zh,0.5179044186621621,0.46769996894451565,0.34553541632935814,0.35392429091287164,0.5228329068290137,0.45012265512265526
2850,2,CEDCC,zh,0.5197241957777136,0.6354493073933665,0.34501175942242746,0.34907398665214756,0.6238051412923536,0.6941043083900226
2844,3,CEDCC,zh,0.5187930211948404,0.5842741369956754,0.35128222197811054,0.3447817226348463,0.5414516662205497,0.4494671994671995
2820,1,CEDCC,zh,0.4749640710655085,0.0,0.3420729956807567,0.36181450855978303,0.5288144351566145,0.4706686462463773
1634,3,CEDCC,zh,0.5004705373802324,0.08394003240283963,0.3528186352998365,0.3484279863939349,0.510110483468996,0.48496503496503507
836,1,CEDCC,zh,0.5165015881617046,0.430067674469433,0.35156583184285245,0.33215657135605325,0.5623871177906291,0.5176707551707552
1866,2,CEDCC,zh,0.5151230562640567,0.3918491981455015,0.34256946704842456,0.35547520668492305,0.6086392627942416,0.4933035714285714
3037,3,CEDCC,zh,0.5175954124952399,0.40725548214084417,0.34226855701460707,0.3771870999724898,0.5793934014008807,0.5466404453246558
2832,1,CEDCC,zh,0.5241166033904406,0.6253234188087848,0.35477718762281857,0.32597919953949295,0.7369002525252526,0.7958333333333333
2821,2,CEDCC,zh,0.37865032609844346,0.44325861665399774,0.34534438190496847,0.34195268580861077,0.5614372957362784,0.4497182711468426
102,1,CEDCC,zh,0.5170388321353474,0.38464181803334097,0.33347468026496635,0.36769071252982577,0.5627343671773385,0.6442304917304916
61,2,CEDCC,zh,0.5203303215149879,0.6778805285138533,0.3393572635049162,0.35496453641104503,0.5584580633820193,0.462660619803477
1564,2,CEDCC,zh,0.517548646711089,0.657078228669798,0.343370520094557,0.3668642219570273,0.5481922349511598,0.5110160139006293
1295,2,CEDCC,zh,0.4848496522482994,0.06319880864856219,0.3292059788365079,0.3638661802620603,0.7452690166975883,0.7857142857142858
1097,3,CEDCC,zh,0.517494922854163,0.6332928281664246,0.3535116418194468,0.3345622351251046,0.5164307445297291,0.43167152712607276
193,3,CEDCC,zh,0.5200820978232047,0.47381444084000346,0.3424798375060946,0.3698078976048902,0.5141938641916737,0.39694366935746256
1077,1,CEDCC,zh,0.5092167082787645,0.25728875826634656,0.34776469673440447,0.3525236343956899,0.5602951401257092,0.5605423987776929
791,1,CEDCC,zh,0.5210325579075179,0.6579402444202034,0.347077650075325,0.3630789381612118,0.646401276741834,0.5757020757020758
1756,1,CEDCC,zh,0.5189098898314202,0.617357497357463,0.3533562149800761,0.3376375591307779,0.6475176234901634,0.5854700854700854
993,1,CEDCC,zh,0.5138405946302763,0.32793556295352216,0.3398404213488757,0.35313188419436276,0.5850910286555463,0.5235421441303794
134,1,CEDCC,zh,0.5167184060982496,0.414404905382097,0.34066395737463684,0.3663553177399369,0.6268481019785369,0.4738624338624338
253,2,CEDCC,zh,0.5207930619729373,0.6281639424970946,0.33562192776180655,0.36218268356187977,0.5720984164361852,0.4851105035315562
199,1,CEDCC,zh,0.5196027814092986,0.5849700517006944,0.35017838799618933,0.35316418465303734,0.5774069034238949,0.6924603174603174
1370,2,CEDCC,zh,0.5304938246936457,0.5736898230103833,0.3364528214382446,0.3622866352522809,0.5613015378005579,0.4411186696900983
373,3,CEDCC,zh,0.520466566986535,0.6435653063180207,0.3536935093628155,0.34639186424734675,0.5513564409987263,0.44147869674185464
1558,1,CEDCC,zh,0.5172283162926723,0.5182332124316774,0.3581971897506704,0.3409153085837019,0.5609367035825502,0.550449298176571
655,1,CEDCC,zh,0.5192863349667145,0.6478471703064086,0.3504601291961993,0.353780626455941,0.6140718772962652,0.6246560846560846
708,2,CEDCC,zh,0.5165919916383275,0.5801669262294709,0.36401259887746845,0.3417010266374354,0.462281124884545,0.3752954237718781
1094,2,CEDCC,zh,0.5193787136486955,0.7410216968343476,0.34937778784850076,0.35277910770602644,0.5255646669236222,0.46474149927660385
208,3,CEDCC,zh,0.5171434407981972,0.6271510141104933,0.3540859777278073,0.35593720306499554,0.5523784695541112,0.6056459413602271
1436,3,CEDCC,zh,0.5186743850033101,0.49106212311779635,0.35966600464382087,0.33341693794859123,0.5525134590543302,0.4540390165390166
1682,2,CEDCC,zh,0.5188787138808328,0.3528290051605494,0.353137021541234,0.3312008643559172,0.6800438123967535,0.7603174603174604
1203,1,CEDCC,zh,0.5199869474362894,0.6221951093796773,0.3463363554914042,0.3619673587159957,0.5695815667217924,0.5205450301332654
1412,1,CEDCC,zh,0.5046514971804473,0.15363155753043461,0.3513063185208399,0.3421060103157869,0.5383781276397261,0.40471512614369765
608,2,CEDCC,zh,0.529913180178821,0.5038430085600591,0.3408171179360829,0.37131023392507273,0.620161761527787,0.5733225108225107
1037,3,CEDCC,zh,0.5161508917721972,0.3554762808131099,0.34199573398735883,0.3714029734551193,0.5557057758766447,0.5524499654934438
1392,2,CEDCC,zh,0.3664510371673437,0.4411518013687656,0.34780478745325233,0.3399036116621208,0.6300088745346379,0.5685200216450216
1119,3,CEDCC,zh,0.377255901131896,0.4421321755610649,0.34793832803416413,0.34803400886566843,0.6187137893041784,0.5371428571428571
1435,3,CEDCC,zh,0.5215466514346225,0.6816274397978415,0.34801237018937475,0.3366928778474354,0.5662808115506983,0.6203548085901027
494,1,CEDCC,zh,0.5177054452986981,0.5924264836973729,0.36006483276299445,0.3194872697450062,0.5307325001012282,0.34922854922854923
89,1,CEDCC,zh,0.3670659004549597,0.41230157296368425,0.3424858167576775,0.3693146629546473,0.6324742045767755,0.6559829059829061
1739,2,CEDCC,zh,0.5270265463756454,0.47532266573356097,0.3420909501370698,0.3691615410941848,0.5388710825477753,0.5193422519509475
1113,1,CEDCC,zh,0.518550381830023,0.5582780442291718,0.3527635206264526,0.34810719357041864,0.5326651586160602,0.36176005064893957
1159,3,CEDCC,zh,0.519323970038181,0.5120536124356784,0.3426345290452664,0.34129920221260707,0.583683893700313,0.5143694083694085
1731,1,CEDCC,zh,0.5210657117195652,0.6415296606470673,0.3459728952707795,0.3588544035282635,0.5216614829389287,0.41889633663827225
624,2,CEDCC,zh,0.5191271297107602,0.6109639177713044,0.34867578732714577,0.32258320102539856,0.519313610182488,0.3862864259923084
977,2,CEDCC,zh,0.5190526380403172,0.672245950861369,0.33925186762939774,0.3613205016662354,0.5514889425946464,0.5990878169449598
1132,2,CEDCC,zh,0.5203526960998981,0.6933194588516385,0.34577583309954746,0.3534127745244446,0.5597644556143693,0.36102808302808304
278,1,CEDCC,zh,0.5066089578814018,0.19289073534164788,0.34840973411831405,0.34388063901372073,0.6980423253217372,0.7585714285714286
1250,2,CEDCC,zh,0.5198914016356584,0.6497774901543957,0.3420469940172035,0.3867059539247169,0.5400786426422325,0.5711901854758998
1354,3,CEDCC,zh,0.49320661363205587,0.04717497260657819,0.3484774892640573,0.3631507197351462,0.6753434474022709,0.7173160173160175
1374,3,CEDCC,zh,0.4888260675712343,0.015772457479436123,0.35872605676064295,0.3422593741733569,0.5328992592362957,0.557950522180626
1546,2,CEDCC,zh,0.5184749043398584,0.6753075818211307,0.3493011947132137,0.34663016767202803,0.5346075317484746,0.5160436295730414
554,2,CEDCC,zh,0.5210257944273191,0.656083436948011,0.3460889572132237,0.34974707824974693,0.5779551331941134,0.5143293933735111
1309,1,CEDCC,zh,0.38761803869607897,0.4121191347306864,0.3458232073904298,0.35505036003603746,0.5281847008004672,0.5030106257378985
964,1,CEDCC,zh,0.515963894013762,0.36885536675843267,0.3488046572027916,0.35351604448680185,0.5569385443740741,0.5259094706463129
80,1,CEDCC,zh,0.3113422121983581,0.5259498198944869,0.33492674211091916,0.3867744983461172,0.5651911492503826,0.5581220366934654
92,1,CEDCC,zh,0.5189452993432455,0.5769066641893438,0.3558886017566212,0.33854122997199293,0.5171770839414512,0.42141621005257374
1566,3,CEDCC,zh,0.5187862745335651,0.6532840241737364,0.33607126029067974,0.36663915424900334,0.5392142027334725,0.5063492063492064
1211,3,CEDCC,zh,0.5192535440949125,0.5666368131281806,0.3448878114424249,0.34601904853162996,0.5689302581314539,0.45162698412698427
1746,1,CEDCC,zh,0.5176610761094338,0.532441813695453,0.35258388124304435,0.32807059885981243,0.6059470944768428,0.5858630952380953
1090,2,CEDCC,zh,0.5200681121224254,0.6417970673142004,0.354662189597411,0.3482975811180934,0.5746318382212953,0.5633249791144529
1385,2,CEDCC,zh,0.3113422121983581,0.5259498198944869,0.33492674211091916,0.3867744983461172,0.5651911492503826,0.5581220366934654
830,2,CEDCC,zh,0.5203152660983567,0.5914993805339124,0.3391275509340392,0.3689364302929097,0.5281839842617702,0.5721363292791866
95,2,CEDCC,zh,0.5187010127545989,0.6412898762952738,0.34448590092604386,0.3660532048642255,0.5781229149026013,0.46235285182653607
685,1,CEDCC,zh,0.5216012546473042,0.6243783100890923,0.3522795474710196,0.3281837159881023,0.5498107711681705,0.423868131868132
1710,1,CEDCC,zh,0.5203358171767105,0.6360676211826444,0.3457926808940236,0.36681429227919005,0.5666087701527246,0.3764411027568922
1528,3,CEDCC,zh,0.5179973539977364,0.6317256867700671,0.3481106515802499,0.33695478380218663,0.5691661156617589,0.5479276895943563
45,1,CEDCC,zh,0.5166196133670495,0.6272949668374749,0.34834171940433534,0.3449262270922105,0.5927360131502374,0.5203845174433408
1628,2,CEDCC,zh,0.5187905466082996,0.6529081976509393,0.33642976918474077,0.38662695750827747,0.5209097442741907,0.4912948162948164
1503,1,CEDCC,zh,0.5196130265562422,0.5157384528253807,0.3501611511255701,0.3383614590879992,0.5747099522573734,0.46229209387104137
1754,1,CEDCC,zh,0.5199264512939865,0.5094615390007852,0.3438556309142467,0.3321686787156393,0.5983621607151018,0.41562685680332745
1473,3,CEDCC,zh,0.5183886146287721,0.6137063715272113,0.34600137379641027,0.3282430306706805,0.6479117082495733,0.577106227106227
642,3,CEDCC,zh,0.5206744474000807,0.5410941379762867,0.3383409949373338,0.3554420966091564,0.5683502471327914,0.44768973716342136
622,1,CEDCC,zh,0.5189124727433722,0.5166656730395787,0.3472008090610992,0.3361282524118132,0.6338172256628886,0.5244382601525459
1372,2,CEDCC,zh,0.5206496463536316,0.6025316847115902,0.3315022094048421,0.38932065364399104,0.6389675562082683,0.6427910052910052
1448,2,CEDCC,zh,0.5162940730125877,0.5307120820163456,0.37781628222835956,0.3113893234695648,0.49288723301680787,0.3732811116532047
58,3,CEDCC,zh,0.5300257454240984,0.5471663278343611,0.340154614386115,0.34228887873552377,0.5507263101095073,0.4373556998556999
719,1,CEDCC,zh,0.5162733339631673,0.4106698345408892,0.3505798551811007,0.3485647430559925,0.48432345705061675,0.34565776104237655
992,3,CEDCC,zh,0.5150242891939262,0.5458943225725426,0.34511477400036655,0.3514700304863452,0.558872850486837,0.5462734487734487
859,1,CEDCC,zh,0.5192240007410496,0.5600712248819989,0.3490317594288521,0.3362872042723636,0.5134097951468295,0.4234890926067396
833,3,CEDCC,zh,0.5201426011681451,0.5532256626373192,0.3485936623013946,0.34411558470090897,0.6240974705146813,0.5861201298701298
770,2,CEDCC,zh,0.5188181921471084,0.5699450565785691,0.3594334944325658,0.3332689908507762,0.5513176965536556,0.532391774891775
1129,1,CEDCC,zh,0.5126065612253431,0.28248074914692634,0.3371537549556419,0.3748876046994019,0.6216061261841312,0.5551803751803751
712,2,CEDCC,zh,0.5174619148904483,0.6138213353356895,0.35069490898136435,0.34642594770572793,0.5154036020974373,0.36908238366571705
1038,1,CEDCC,zh,0.5181322778525126,0.52463193973565,0.3543862421534708,0.3448857266594006,0.5215367851605094,0.4056426332288401
1513,3,CEDCC,zh,0.3786115928188808,0.4119736719110277,0.35230061258922096,0.35043741176856813,0.53497501708148,0.5519266525114479
532,3,CEDCC,zh,0.5190427088705599,0.6274838741639702,0.3501877857977441,0.3483682455278515,0.5587879525241608,0.5012127968649708
766,1,CEDCC,zh,0.5157525082561802,0.401575141314225,0.3511268605060704,0.33625242022211477,0.5733386866144023,0.48933318143844456
1759,2,CEDCC,zh,0.5131289145027641,0.2651265990390136,0.3367848696986329,0.36742996535326683,0.5313167966329195,0.38534625097125097
1163,1,CEDCC,zh,0.518559890394533,0.5922679064649962,0.34658761603158433,0.35455344379298737,0.5543587466459823,0.40860990860990865
587,3,CEDCC,zh,0.5174800353440465,0.5981755647531236,0.34960432398403135,0.3434311092713465,0.5248040896487461,0.4384769551436219
697,2,CEDCC,zh,0.49682523420538055,0.08615142783879441,0.35483797357758373,0.3192196679975321,0.5774375504651146,0.4870927318295739
138,1,CEDCC,zh,0.5041193739651372,0.17564664095485197,0.33984755181217485,0.3418608122801524,0.523519982571396,0.4135864135864137
1069,1,CEDCC,zh,0.5196796915776138,0.6020293164978141,0.35074774545400095,0.3424844339269813,0.551177585181167,0.39678775330949234
720,1,CEDCC,zh,0.51442871238681,0.3497822070289304,0.34741400875892586,0.35727305466824005,0.49785775554115536,0.32434559742252045
677,1,CEDCC,zh,0.5201551198304716,0.5340550010740233,0.34110203726971816,0.37117980157362834,0.6640768981906754,0.7636243386243385
86,1,CEDCC,zh,0.5201673693125987,0.6343012016668208,0.3552659850922455,0.3391078813446189,0.5291593773022112,0.5048777968355175
983,1,CEDCC,zh,0.521036076499292,0.6034869647378588,0.34183215785814075,0.3465777384468218,0.6406826627852339,0.39871794871794874
1264,3,CEDCC,zh,0.5175761121112228,0.6088632026950203,0.348166157015599,0.34432783729951,0.5742130357897237,0.4901027077497666
1554,3,CEDCC,zh,0.5206002624798961,0.5295641929717224,0.34333035693347425,0.33991650048650807,0.6275614176536659,0.510966810966811
1588,3,CEDCC,zh,0.5148606595173303,0.6074586600532933,0.3509279764943551,0.3539343228328527,0.5485191304993071,0.5027789340289341
1533,1,CEDCC,zh,0.5163649851901554,0.6018067513980166,0.34473769203581417,0.3519608962983511,0.5258057997658386,0.46102330209473086
1735,1,CEDCC,zh,0.5193808758819171,0.6370383821678893,0.3440014835036336,0.3565783552503853,0.5932719073359909,0.48902116402116413
60,3,CEDCC,zh,0.5193653703751943,0.512467283123734,0.3451705981348898,0.3568239583672097,0.6425486793907846,0.5427350427350427
131,3,CEDCC,zh,0.5206961800413511,0.6605947648031972,0.3384347658918007,0.3502225288364978,0.5664465629222063,0.5167691957165643
2680,3,CEDCC,zh,0.5172780690294448,0.4561215201991001,0.3430010135443623,0.3602857470500278,0.6527877086507118,0.5293650793650794
2798,2,CEDCC,zh,0.5180661819011597,0.5452706249328454,0.34988921005359547,0.34848330037476255,0.5657935195720865,0.5301104692409041
2774,3,CEDCC,zh,0.5205200048118599,0.6624480226255285,0.35073552606334835,0.35827079134939316,0.6069729579654618,0.5574074074074076
2596,1,CEDCC,zh,0.5184575308688825,0.6160949263517569,0.35696143859153145,0.3331622324202555,0.5572769080045512,0.46599206349206357
2260,3,CEDCC,zh,0.521125448460069,0.679938903026217,0.3430227096680691,0.3537401770430551,0.5567762827849693,0.5306714119214119
2668,1,CEDCC,zh,0.5135856846457184,0.3503323790279057,0.35675596388443515,0.3255137401308046,0.6739332414466104,0.6192640692640694
2857,2,CEDCC,zh,0.5211295716979936,0.6230123300876376,0.3567309540831046,0.3244232273463854,0.7403724747474747,0.8011904761904762
2770,1,CEDCC,zh,0.5185865908930568,0.4935768160582778,0.33874098780143597,0.3514898493332385,0.5585876217024797,0.49266955266955276
2172,2,CEDCC,zh,0.5143222362298202,0.32297184480197183,0.3397069734644635,0.36553932965379904,0.5147794562266171,0.4927757427757429
2645,3,CEDCC,zh,0.5202993684533279,0.602971160817326,0.3436183689946002,0.3388507686619982,0.6567411686896981,0.4047619047619047
2809,3,CEDCC,zh,0.5111525524484358,0.2654747081175758,0.33646393979145656,0.3667344185028374,0.6343580475588485,0.4655032467532466
2748,2,CEDCC,zh,0.5184119122342452,0.6647721605601653,0.3612168699608015,0.3355715181204039,0.5169590894382282,0.4392425047927441
2476,2,CEDCC,zh,0.516760039421133,0.6137109058276414,0.33671146044016403,0.36634637591225994,0.5772386437397574,0.5313725490196078
1834,2,CEDCC,zh,0.5190784388900239,0.6589358131915768,0.3428653811236215,0.3658453053147242,0.5638311357745107,0.424857153428582
2721,1,CEDCC,zh,0.5189522533909042,0.6127729900692882,0.35232666746572056,0.35339838479918345,0.4952308203252704,0.4009441759441762
2825,1,CEDCC,zh,0.375983033523603,0.3971330399245883,0.34836745821811843,0.3560769750521292,0.5449222179028266,0.4636419136419137
2730,3,CEDCC,zh,0.49292087805705803,0.03768650997529983,0.34428540560127446,0.3600994601009223,0.49129696820720326,0.3742990627606012
2846,3,CEDCC,zh,0.5210651376858606,0.6984044096955969,0.34753630871237773,0.35503325473461417,0.5492076587551606,0.6275475846904418
2411,1,CEDCC,zh,0.5177741192116446,0.581017409477559,0.3658670167998319,0.3289583158593386,0.4843169121163876,0.38037998037998055
2049,1,CEDCC,zh,0.5083705351935488,0.23550414943383607,0.3491161371391709,0.34594509917629157,0.5750541449942141,0.4883040935672516
1937,3,CEDCC,zh,0.5220465027687866,0.6543334378748775,0.3443042355638251,0.349695913984096,0.5449292646530101,0.532608695652174
2863,2,CEDCC,zh,0.5204475425612967,0.5389177062394884,0.34722945321709,0.3442793933436213,0.5353011366878543,0.45366514229296195
1761,3,CEDCC,zh,0.5204726927590032,0.612240360460943,0.34321712238932117,0.35658186050142116,0.5645578451495501,0.5064365459102302
2122,3,CEDCC,zh,0.5187003085719057,0.6208239226354422,0.3497668868774094,0.34754873517470014,0.5146161032354339,0.5381821170282709
2286,2,CEDCC,zh,0.5196333711278059,0.6096425411047312,0.34510156814986115,0.34286947604224977,0.5892528183345772,0.5663101604278076
2860,1,CEDCC,zh,0.4960824911474266,0.04450517974566294,0.35033410922902886,0.3654911499085863,0.565443767935804,0.5680690521599613
2642,3,CEDCC,zh,0.5187841776914881,0.6650796489812838,0.3500397395662964,0.35946585601995706,0.5168989299237883,0.4860010291995586
2811,3,CEDCC,zh,0.5198788460529056,0.5848805009356433,0.3478950520762961,0.35387794807860984,0.5280777602878902,0.42350288600288594
2699,2,CEDCC,zh,0.5216948685389592,0.6276629398387372,0.34285925591205085,0.3730557931031193,0.5543022793272061,0.4076936671066226
1938,3,CEDCC,zh,0.5093483259682074,0.2532166317892354,0.32991144978183135,0.38829934104528546,0.4645826560609364,0.47734262106811104
1949,3,CEDCC,zh,0.5234670682308076,0.6545208694176022,0.33512499607431606,0.37077866165225526,0.5883329936927426,0.5303964009846363
2027,2,CEDCC,zh,0.5195233251415655,0.5368208370025743,0.36008179064546314,0.3285394787804557,0.5574063344917808,0.5927272727272727
2092,1,CEDCC,zh,0.5148240917016496,0.39659192744568433,0.3512662574773551,0.33841834223888007,0.6440700565032116,0.5662337662337662
2805,3,CEDCC,zh,0.5231440306773213,0.6694096518873773,0.3400587022019807,0.36416077152381016,0.6031737332965048,0.5533907269201388
2580,3,CEDCC,zh,0.49900029555318676,0.0910890866671541,0.33603176029930376,0.3617379372191879,0.6853088088382207,0.6704761904761904
2759,1,CEDCC,zh,0.5190143826196235,0.5671044095242748,0.34907546099885234,0.349886511433103,0.5176755657302771,0.46296144331858613
2292,2,CEDCC,zh,0.38326494312410153,0.3741836518180712,0.3448237154475346,0.3547592968859336,0.5011272369462862,0.3750612197980619
2641,3,CEDCC,zh,0.5137024156335794,0.36514027671434496,0.3563325881007493,0.32750777316598567,0.5647418876781098,0.45028860028860024
2372,2,CEDCC,zh,0.5203182007574035,0.6166447679351904,0.34812001973735063,0.34459259562165356,0.6469152951690202,0.6029970029970031
1960,3,CEDCC,zh,0.5197789310715781,0.7160327192936723,0.34259918271552403,0.37361485067868977,0.522661273307303,0.45003247781025557
1894,1,CEDCC,zh,0.5191572184663201,0.6729798445711956,0.33854403571746755,0.3597859034089021,0.6095483468523408,0.5070391414141414
2268,3,CEDCC,zh,0.3630936241610381,0.4241031895420691,0.34186399126615175,0.3564523446383018,0.5541201896291547,0.40863164613164615
2861,2,CEDCC,zh,0.522231161602663,0.5605609699709665,0.35183229721279585,0.34092539566744384,0.5552527736619145,0.45705188531275487
2114,2,CEDCC,zh,0.5205144607834935,0.5646009137635212,0.35005133329443144,0.33913090651314803,0.5217610213108806,0.4387196137196139
2843,1,CEDCC,zh,0.5186058992291297,0.6427333001259583,0.337992658068844,0.37169493520301355,0.7144418081918082,0.7803968253968254
2048,1,CEDCC,zh,0.49525542865138883,0.08515850392361964,0.3508822352790127,0.32271051524588784,0.5404445313628882,0.37815670127700196
1802,3,CEDCC,zh,0.5203710328429539,0.6646452297808061,0.34370944059699315,0.35880290488552746,0.6095695274510191,0.5680528621705093
2047,2,CEDCC,zh,0.5169756668617387,0.5837235307952378,0.3529367646542078,0.3449267704798584,0.5822349898167596,0.5670729270729271
2845,2,CEDCC,zh,0.5137255096411791,0.3986924729958012,0.3533733620393483,0.3405286777667976,0.538912108297407,0.5283038720538721
2110,3,CEDCC,zh,0.5162015432250128,0.5456649812893357,0.3479836735242887,0.35422632114512576,0.569133060508558,0.39281934996220713
2077,2,CEDCC,zh,0.38303899733010377,0.384329793795588,0.3454458573763247,0.37048442438731904,0.5596312364270136,0.4413076341647771
2279,2,CEDCC,zh,0.5180216432893244,0.6801568151265623,0.34820678572855907,0.3698930762716271,0.5464514537826065,0.5548401093855638
2394,3,CEDCC,zh,0.5191200675803355,0.6047895132181819,0.3538834734726524,0.3398232267455957,0.49411522438143807,0.3075738588896484
1948,2,CEDCC,zh,0.5193445205192233,0.6740533746832356,0.33548426976528317,0.3710490525260718,0.525742088171461,0.4930764790764791
2622,3,CEDCC,zh,0.5203053836335536,0.5850104398984318,0.3422860877515508,0.3662799761370232,0.6216573627778871,0.6429945054945057
2157,1,CEDCC,zh,0.522563074354315,0.6099325218068133,0.33766689058206184,0.35831778344429593,0.632720056809965,0.6090811965811965
2264,3,CEDCC,zh,0.5166266056092051,0.5297908949217942,0.3457252116192337,0.3470642519628163,0.5567043627716532,0.456031746031746
2705,3,CEDCC,zh,0.5186054174518786,0.6409291105166909,0.34647605666936493,0.3552894967891179,0.7105494505494506,0.7544444444444445
2390,3,CEDCC,zh,0.36669197853254065,0.45639694459787944,0.3423526648048413,0.35263152204961196,0.6832833684437962,0.78989898989899
2601,3,CEDCC,zh,0.5200344843345462,0.5869285030505602,0.3523924017237982,0.3437033325289611,0.5277045289644802,0.5731661856661857
2803,2,CEDCC,zh,0.5191440338351522,0.5832696728755458,0.3431481366314258,0.3837223424235892,0.6051562625835488,0.5740740740740741
1881,3,CEDCC,zh,0.5187647911758727,0.6109280231107485,0.34433715810253873,0.3507040352789829,0.6354243144799699,0.47749433106575967
2482,3,CEDCC,zh,0.5203102817692742,0.6312371950884843,0.3412711603978595,0.3571979751253872,0.6134376862196638,0.5441798941798942
2735,1,CEDCC,zh,0.3783063774593691,0.3794716906928532,0.3469331000358852,0.34268213143952647,0.5369226608769178,0.4148366784730422
2262,1,CEDCC,zh,0.515807968801777,0.4794638877739709,0.350482688415625,0.34425718650942255,0.5510529365017433,0.4326005013505014
1936,3,CEDCC,zh,0.5188028565695584,0.5650416688064567,0.34382264556194797,0.34701198857629667,0.5552832386209584,0.5034213471713472
2512,3,CEDCC,zh,0.5194412107503262,0.5940463458340313,0.34556788166643626,0.32999308604193084,0.6001280830608943,0.588985088985089
2733,1,CEDCC,zh,0.519325024265634,0.6291340808782476,0.3383108327166153,0.36336241832921407,0.5912355625348045,0.5214680744092509
2856,2,CEDCC,zh,0.5055611858882939,0.17917871914550204,0.35237618060276615,0.3239908753085313,0.5151158101444916,0.43650793650793657
2653,3,CEDCC,zh,0.512169601496872,0.2675108473868196,0.3459706069458915,0.3379927353490616,0.5843473454335196,0.4198879551820728
2847,1,CEDCC,zh,0.46902537682929435,0.003864550227452354,0.3543301070673127,0.33913227354492587,0.5240035321069417,0.5586829836829839
2548,3,CEDCC,zh,0.5205377070002473,0.6270798645157293,0.34006212267973956,0.35428941164568906,0.6782400605930017,0.7291486291486291
2010,2,CEDCC,zh,0.37600490087288996,0.4059581927688677,0.3508773762434133,0.34105224286203495,0.5867347322754206,0.550536597905019
2671,2,CEDCC,zh,0.5136863793403448,0.41071261186485974,0.3583651922577275,0.32506407757472666,0.5679828386052778,0.5364678531345198
2815,2,CEDCC,zh,0.5216685561225011,0.6767300553950494,0.3461432161479339,0.35195575950586033,0.5936786576459516,0.6584961334961336
2738,3,CEDCC,zh,0.5255854787052086,0.5192437544888249,0.33775342558630544,0.3565432834592703,0.5958870028718788,0.6317460317460317
1879,2,CEDCC,zh,0.5258532736250694,0.47449676748452824,0.34435109883951626,0.35184375040943716,0.6317044356609574,0.628051948051948
2694,2,CEDCC,zh,0.5186061123751738,0.6646427263256526,0.3356058478590242,0.3707388374272367,0.6229944101037851,0.7810134310134309
2105,3,CEDCC,zh,0.5089133811066053,0.2403660018274535,0.34834451692704016,0.3466785812553671,0.5675351950514579,0.6297028728846911
1895,3,CEDCC,zh,0.5190064618390929,0.6216824325899601,0.3429723583691566,0.36251263982089366,0.5829374088548676,0.6348781937017232
2506,2,CEDCC,zh,0.5146172415725447,0.45284922327335814,0.3395489186910636,0.36352147852325406,0.5478390317016787,0.4835331335331337
2782,1,CEDCC,zh,0.5223612903956328,0.6350018578251856,0.3420392866588679,0.3942533601737673,0.5093570894305574,0.4390216982462974
2148,2,CEDCC,zh,0.528437822857653,0.5427558715713012,0.34219978382106203,0.35857167271763324,0.6140012690696786,0.5290249433106576
2810,2,CEDCC,zh,0.5177904828915038,0.6519140997458984,0.3445405243445452,0.35945156013958,0.5695221734855881,0.4672799422799423
1878,3,CEDCC,zh,0.5195963822320643,0.6556658870480341,0.33485133269616335,0.3782302683441446,0.5666000127081424,0.6069757727652464
1783,2,CEDCC,zh,0.5083217064006276,0.21377124580833354,0.34935699164468237,0.3446957522153654,0.6257898420239898,0.7362067562067564
2768,3,CEDCC,zh,0.3149140911194039,0.5254689941152957,0.3381810019919581,0.38563725871980353,0.6171595590828617,0.5705215419501133
2071,2,CEDCC,zh,0.5193731985637916,0.6140221592678158,0.3406064616997408,0.3617743261022349,0.5803637578893416,0.46520305091733666
2632,3,CEDCC,zh,0.5156531333848586,0.26628008360043637,0.3361144694947303,0.3767633583310653,0.5560732604334006,0.4208303270803271
1911,1,CEDCC,zh,0.39126057655192054,0.33140886001854253,0.348941528981116,0.3469263451331065,0.6200232470113407,0.5795319264069264
2865,3,CEDCC,zh,0.5200618733806013,0.6001085798947443,0.3473272704923986,0.36131530964344144,0.562697999434278,0.4720133667502089
1965,1,CEDCC,zh,0.4973422065315489,0.07779322303079902,0.3466492110410759,0.3401636996442791,0.5246733371884643,0.5511388184465108
1850,2,CEDCC,zh,0.4904649033265828,0.17275824130899875,0.3449692319405649,0.3507930020408193,0.549705565945424,0.5394841269841268
2132,1,CEDCC,zh,0.5185286072219946,0.5690211419084152,0.34423086302455635,0.32946647726606604,0.5419958787117914,0.39136048358737424
2854,3,CEDCC,zh,0.5205166900319961,0.6467524685534495,0.34071115491869675,0.37623522573544316,0.5354490201871895,0.5752940392940393
3118,3,CEDCC,zh,0.5177064239715244,0.5910156108813539,0.3536245587765953,0.3424847830530626,0.6424842721927122,0.7156776556776557
468,2,CEDCC,zh,0.5188573421075682,0.5510301469782912,0.34248559783899435,0.3418920336925857,0.577920198782798,0.45687249258677826
3001,3,CEDCC,zh,0.5182868929712352,0.6851541729325339,0.34843463398857916,0.34923356487803514,0.61180909217594,0.5425595238095239
3141,3,CEDCC,zh,0.5211626380531188,0.6656043195970355,0.33652920412397236,0.3672080467194822,0.580403079756445,0.543167460558765
4288,2,CEDCC,zh,0.5197440708131101,0.7009211233158618,0.33534061171932555,0.37189709012505184,0.5832646671271671,0.5474280621339445
3356,2,CEDCC,zh,0.5192829052590314,0.7214943453848446,0.3483835091000726,0.3590279530483025,0.5257634143297392,0.5162676609105182
3124,3,CEDCC,zh,0.5201645698781616,0.7045934757731104,0.3542217890795792,0.3505202260641861,0.5561522218939975,0.6061255411255411
3169,3,CEDCC,zh,0.5072666025397866,0.19400680829875336,0.34689146588681674,0.3629053460091937,0.5673177815696584,0.5642334492601873
2872,2,CEDCC,zh,0.5220000823635094,0.6063206560902632,0.34122645684872954,0.373132643565356,0.6143584997968399,0.5045351473922902
3325,3,CEDCC,zh,0.37846382797246636,0.4212447797176003,0.3567568187414751,0.3491492490799251,0.55890216151826,0.5095715878324575
3114,3,CEDCC,zh,0.5203553576983683,0.6368009742470813,0.3414922735344136,0.38044233612879613,0.6200509480486117,0.6232659932659934
2881,3,CEDCC,zh,0.5194115937108671,0.7071569215632202,0.3490724052334648,0.35404317961060955,0.575380220747845,0.5304902769188483
3226,1,CEDCC,zh,0.5124421134647614,0.40262533699046776,0.34631672000983094,0.3351047162416334,0.5722356073678416,0.4081601731601731
4245,3,CEDCC,zh,0.5172505334384714,0.601570731137314,0.36146734030874134,0.33788924195763437,0.5236576097118315,0.328901233446688
3211,3,CEDCC,zh,0.5161089663063065,0.5748769025725795,0.3532120162290877,0.33528801254565993,0.597767362257073,0.4088488671822005
2893,1,CEDCC,zh,0.5236278577441549,0.6722917153410596,0.3490059550396579,0.35270113343568527,0.6186322329504422,0.6364021164021164
3006,3,CEDCC,zh,0.492464383592055,0.053999243176694474,0.3677128830292705,0.32327202240997743,0.5448586382471006,0.42359755628986395
3224,3,CEDCC,zh,0.5181693871220656,0.623375377605181,0.34148851293518084,0.35332657724491867,0.6010053670591043,0.6710317460317462
3188,3,CEDCC,zh,0.5171034932872711,0.5899249914289008,0.34757877548541677,0.3403647496468551,0.624322721039731,0.48777777777777775
3197,2,CEDCC,zh,0.4784575245633521,0.1421635348971268,0.35318390022052304,0.33992092869591994,0.5646708288696117,0.4634920634920635
3201,3,CEDCC,zh,0.5195382163861422,0.6736566922564796,0.3468614318392594,0.3498174483326462,0.5524177603958466,0.5561469032057269
3223,3,CEDCC,zh,0.5176704521025327,0.5232834458918177,0.3448312124032269,0.36417059116610856,0.5912519796425721,0.5036127271421389
4268,3,CEDCC,zh,0.5192719324634895,0.5576073046136137,0.3433920358069201,0.36013006445577694,0.6474026195458421,0.6951515151515152
4403,3,CEDCC,zh,0.5174814500384844,0.6332661655396143,0.33343330372816804,0.3700043505739756,0.7181213847880513,0.6629629629629629
2912,3,CEDCC,zh,0.4991788746394799,0.2912345789502402,0.33885793047707297,0.3624876468440529,0.6290236587154971,0.6110052910052911
3265,2,CEDCC,zh,0.521584322143746,0.6746092764532621,0.3464305557997516,0.35674936428852183,0.5750039443322055,0.4056036556036555
3205,3,CEDCC,zh,0.5190374170887421,0.4785602204859813,0.34932543337636623,0.36211522364608517,0.5654847275388916,0.5040303242509124
3132,3,CEDCC,zh,0.5228677838388541,0.6668276012741987,0.34455882507714186,0.35103892288177746,0.5581372559113228,0.5893387314439947
4229,2,CEDCC,zh,0.5064278761442048,0.14862302162145546,0.3485807672469282,0.339012296170879,0.5578467422711931,0.5266680409537552
3281,2,CEDCC,zh,0.5182978558519469,0.5033509889823428,0.34578031754186683,0.3463364999891357,0.5666695408541332,0.45928571428571424
2946,2,CEDCC,zh,0.47164836668616045,0.0,0.34101260228611524,0.34784338515868746,0.6302060691573076,0.6362433862433862
3310,1,CEDCC,zh,0.5221945203261723,0.7418277406162918,0.33999093778485207,0.36627100726017137,0.5454380589132896,0.5612424612424611
3262,3,CEDCC,zh,0.5178149333766211,0.6012733703683492,0.3437709832340878,0.3675164745591652,0.4827951350531031,0.676215878138955
3202,1,CEDCC,zh,0.5064643442188268,0.22484353491267067,0.346578724368184,0.35362928481463063,0.5674115122973854,0.5553116195973339
3180,3,CEDCC,zh,0.5174714082126202,0.5305226768335408,0.35801258843921674,0.3582880475546535,0.5408957538081982,0.44319345184729814
3000,3,CEDCC,zh,0.5177416383330087,0.3179121991318445,0.36187356935780196,0.31886408308495945,0.6233216066076479,0.5149206349206349
3075,1,CEDCC,zh,0.5217225520834401,0.6804317758553974,0.3475678103929424,0.36640639315386075,0.5535289429979788,0.47647152847152846
2896,1,CEDCC,zh,0.521441942163097,0.6320283858890896,0.34787062771887045,0.36033257290383874,0.6416545669651258,0.5782931354359926
3174,1,CEDCC,zh,0.5185118550892159,0.6346808537725812,0.34551548590445663,0.35214535650081075,0.6423129517018332,0.5990079365079365
3162,3,CEDCC,zh,0.5170131332758163,0.5594995632234344,0.3475675504883859,0.34207526821942685,0.6474239898388506,0.3996336996336996
3229,2,CEDCC,zh,0.5187940978136284,0.6056885778224863,0.35493032665186114,0.3339762889158649,0.5260062644674215,0.37759640051306725
2898,2,CEDCC,zh,0.521771229401491,0.7384123694376901,0.3342147954118658,0.36929664313617794,0.5670076518722048,0.4752353466639181
3747,2,CEDCC,zh,0.5213457918659209,0.698569680217997,0.3390487484808594,0.3856301003002416,0.6217588365811096,0.5146031746031746
3196,1,CEDCC,zh,0.5188520749811064,0.7147181842378784,0.3536076225772432,0.33164704465752376,0.5627497261225265,0.5122619047619048
3297,3,CEDCC,zh,0.5171045286391479,0.41002641733647555,0.33658582811967647,0.39704756310771927,0.5746456360901909,0.44772727272727264
2908,2,CEDCC,zh,0.517724423704335,0.42602542604212634,0.350149352573445,0.3512464338997611,0.5256698737438488,0.5399368488654204
3328,3,CEDCC,zh,0.5187389058772627,0.5995564632548834,0.3468935944576441,0.3526325764043403,0.5829721119230472,0.625829725829726
2880,1,CEDCC,zh,0.5190123038820313,0.5591713129013146,0.36295239495091314,0.3386568607783565,0.5823648914466504,0.49906629318394025
4434,1,CEDCC,zh,0.522249998906321,0.6126968172372604,0.3430553175935828,0.3480813807296456,0.7157928491261826,0.6566137566137565
3144,2,CEDCC,zh,0.5220719516720667,0.6295230067560682,0.3502253653564084,0.36967705476073304,0.4989795351128146,0.4250587691764163
3352,2,CEDCC,zh,0.4524618142648448,0.0,0.34935282774898624,0.3156617866695278,0.6443145240552363,0.6023809523809524
3213,3,CEDCC,zh,0.5164268828430278,0.55076536922326,0.3530478406000808,0.3494353762656251,0.5658008460941992,0.4261355047069333
2981,3,CEDCC,zh,0.5173148775410696,0.619744454980045,0.34797154157792975,0.35057526574435216,0.5534718484984464,0.5018145743145743
2870,3,CEDCC,zh,0.517251136207987,0.5588186227742504,0.34550396310920883,0.34277915851571544,0.6179819775358849,0.5540740740740742
3039,2,CEDCC,zh,0.5160798634164687,0.5030753789881928,0.3526359589403846,0.34140034519754425,0.5545380264683378,0.5118092691622103
3218,2,CEDCC,zh,0.5195387144323714,0.6381682109404632,0.34499447684801343,0.35606224083337534,0.5515924420599956,0.48834448379902934
4209,3,CEDCC,zh,0.3844173610831805,0.3540516969130939,0.3514033588469639,0.3386879268876141,0.5617690072547532,0.5138425066996496
3207,3,CEDCC,zh,0.5180402478129931,0.5128828645417239,0.33791304509242664,0.35976458012496576,0.5365094335853471,0.6069900687547746
3244,3,CEDCC,zh,0.5220114401896928,0.5950470577830861,0.3428005811266127,0.3716835941347237,0.5575779638281834,0.3875541125541126
3027,3,CEDCC,zh,0.5199928016316517,0.6895169696019169,0.3520010447775816,0.3502938569245815,0.5781350842156469,0.5482936507936509
3248,3,CEDCC,zh,0.5192456530186929,0.4834386154425357,0.33914087007738014,0.37071194274637925,0.5809925221331154,0.5876465201465202
3215,3,CEDCC,zh,0.5219922935738108,0.6577850194603345,0.33097928144845096,0.38583603768761665,0.5506462502855393,0.5304435825612298
4418,3,CEDCC,zh,0.5188137281298102,0.43281865622955695,0.3371557010507459,0.36968167098262916,0.5604197190214614,0.44874183787227273
4195,3,CEDCC,zh,0.5152711624440915,0.4476414373258127,0.3591960617490093,0.33498432978253345,0.5274197600762945,0.40324074074074084
3198,3,CEDCC,zh,0.5198981442036482,0.6204257688742132,0.3516691825045625,0.36269466919807936,0.5765051710195984,0.5230877455877456
3084,2,CEDCC,zh,0.5171427982319824,0.6040547662187974,0.35148442385233936,0.3484390278312619,0.6319116635148403,0.4962000962000961
2936,3,CEDCC,zh,0.5198815363881876,0.6688947387909964,0.34651688523421287,0.35936265819751406,0.5475999238574131,0.5744860694860695
3355,3,CEDCC,zh,0.516807887315272,0.5598722178508434,0.3392693718906571,0.3559729373239593,0.5657697979318828,0.4620064279155189
3264,3,CEDCC,zh,0.5218318293481288,0.5589540310379052,0.34292969942325935,0.3645902952391785,0.6247429507729296,0.6062770562770563
2966,2,CEDCC,zh,0.5190539008670277,0.5854481654288771,0.3505473940074879,0.3537188128009695,0.5483931700409352,0.48539819968391396
3263,1,CEDCC,zh,0.5188976395715335,0.6137264205368043,0.3511497999804317,0.3432522705285935,0.5664656743972865,0.5922575009531531
3168,2,CEDCC,zh,0.5185162237126276,0.6637646145409526,0.3457717256768595,0.3660391034107085,0.5687071346801312,0.5230361210140622
3096,2,CEDCC,zh,0.5017720037859481,0.08639865135405214,0.3459336694954898,0.34875743956574934,0.6203676733371174,0.6703296703296703
2889,3,CEDCC,zh,0.5115930580247832,0.27079308499899063,0.35358600621054687,0.34622298419686764,0.6498627672240437,0.6006327006327007
4286,3,CEDCC,zh,0.5126153824981134,0.27648422406137196,0.3415015981717087,0.3542805165580862,0.5788884458251446,0.49625621292287964
3509,3,CEDCC,zh,0.5191854485993862,0.639428042130148,0.35392922964083984,0.3329645881105839,0.6195250825869492,0.6001133786848073
3240,3,CEDCC,zh,0.5178203472661828,0.5233235228636471,0.3532547135997167,0.377156517455033,0.536392788331717,0.5402486402486402
3052,3,CEDCC,zh,0.5203044945580383,0.6205580949272647,0.3428686297784601,0.35301989752152085,0.6143896936467494,0.6644444444444445
4197,3,CEDCC,zh,0.5193945459266951,0.5820455225660169,0.33994537672235275,0.3375294399440457,0.5926578664455077,0.37292250233426705
3019,3,CEDCC,zh,0.5207297763700064,0.7291175162371256,0.3430801114101553,0.3705891701219583,0.5859219062561511,0.5864502781169448
2971,3,CEDCC,zh,0.5203374831454406,0.6251819036685002,0.35451416817191916,0.33665976779245166,0.6285880785880786,0.513919413919414
3176,2,CEDCC,zh,0.5205153390148842,0.6153557240699182,0.34961325364815765,0.3612565987311523,0.5421283140103789,0.5642039790275085
2873,3,CEDCC,zh,0.5204618202284549,0.6431537384777417,0.3551877680193286,0.3509883269476533,0.556612357087374,0.5196248196248198
2868,3,CEDCC,zh,0.5211317498017034,0.6654133323278844,0.3540488887742343,0.3486543404525035,0.5246110095182585,0.4408220747506464
2874,1,CEDCC,zh,0.5165330193241469,0.5661191500360927,0.3540101098387298,0.34131710944081944,0.5021498240385708,0.46619935619935615
3894,1,CEDCC,zh,0.5192887667064537,0.6811553917405964,0.3436223761329317,0.3747747902532343,0.5959751789345724,0.5348214285714286
3024,2,CEDCC,zh,0.5208328329468058,0.5705894425297835,0.34868837902862676,0.3219589069726666,0.7303807303807304,0.7920634920634921
2621,1,CEDCC,zh,0.5165553733440852,0.44053120201808316,0.3519873338459127,0.33324601606288684,0.5928728151162436,0.6005602240896359
429,3,CEDCC,zh,0.5190381465627836,0.664011840619072,0.3480940385520231,0.3397200649111173,0.5578824081893825,0.41611898202807307
3036,3,CEDCC,zh,0.5190135904104707,0.5740038594010586,0.3486107510468834,0.3249962044909879,0.5636194764537851,0.4104478854478854
2970,3,CEDCC,zh,0.5184924480788664,0.5525644766244608,0.3480865749552952,0.3538968202160196,0.5795856917757273,0.43714414240730026
2882,2,CEDCC,zh,0.525639506253253,0.6645609103773461,0.34582177335526304,0.3708416394946358,0.5310144585444934,0.610580964928791
246,3,CEDCC,zh,0.5176350042024825,0.5214652717886613,0.3511795204980377,0.3521213402344831,0.522974962896331,0.4209021886266469
1857,3,CEDCC,zh,0.4913097008967439,0.0399609450415258,0.3437595044848647,0.3545501123731513,0.5181262547305088,0.4863771149485437
3107,3,CEDCC,zh,0.526956235902667,0.7393135629405814,0.3354624978609434,0.39828657793695266,0.5716527456856833,0.5491624317711274
1950,3,CEDCC,zh,0.5195036114952489,0.5101103223770566,0.34437601047636457,0.3448359348483055,0.5869026253274144,0.5420345736135211
4261,3,CEDCC,zh,0.5188123491209072,0.6032473258518982,0.3415595002534848,0.3633489295351354,0.5731438736324235,0.5375732600732601
2886,3,CEDCC,zh,0.5105239597270433,0.28573162208198605,0.34659667615674083,0.34496543610324193,0.6223357608767105,0.4676303854875284
1559,1,CEDCC,zh,0.31842400902150003,0.42556753185078605,0.37050033158037426,0.32166598980548294,0.5410363115659299,0.42690467427309525
2507,1,CEDCC,zh,0.47754854460970225,0.14562960970996575,0.35655716343133026,0.3224738227486089,0.6293692326262883,0.4523280423280423
2650,1,CEDCC,zh,0.519984482902092,0.6485057057268341,0.3501428272611606,0.34182380971872167,0.5469122856989106,0.4535295815295816
2679,3,CEDCC,zh,0.5178247649181226,0.6157058443382989,0.34941583679248056,0.33230686866320086,0.5866337766016421,0.4470458553791887
4251,3,CEDCC,zh,0.5199966490916881,0.5888810107749144,0.3436654676936868,0.36234216772996447,0.5888213557418167,0.6936958874458874
